id,name,email
1237233,Allison Owens,owens.allison@hotmail.com
424680,Mark Washington,mark_washington87@yahoo.com
1544208,Brandon Browning,browningbrandon@hotmail.com
1612775,Samantha Frazier,sfrazier60@hotmail.com
431813,Rodney Pena,rodney.pena@gmail.com
353491,April Smith,smith.april@yahoo.com
867184,David Floyd,david36@hotmail.com
2132065,Frank Powers,frank100@gmail.com
590105,Sarah Hodge,hodge.sarah@yahoo.com
104295,Chelsea Barrett,chelsea_barrett45@gmail.com
855802,Mary Castro,mary.castro@gmail.com
68884,Kaylee Johnson,kaylee.johnson@hotmail.com
2710499,Jennifer Cox,cox.jennifer@gmail.com
563669,Anthony Knox,anthony18@yahoo.com
1593428,John Estrada,jestrada48@gmail.com
2000743062,James Boone,jboone33@gmail.com
168462,Stephanie Fox,fox.stephanie@hotmail.com
169969,Deborah Turner,turner.deborah@hotmail.com
88099,Christine Serrano,christine.serrano@gmail.com
222139,Richard Reeves,richard76@hotmail.com
340576,Austin Hooper,austin_hooper70@hotmail.com
324621,Travis Nelson,tnelson82@hotmail.com
335606,Kaitlyn Crawford,kaitlyn.crawford@hotmail.com
855621,Tyler Johnson,tyler.johnson@hotmail.com
557649,Ashley Stafford,stafford.ashley@yahoo.com
219942,Elizabeth Daniel,danielelizabeth@yahoo.com
364211,Katherine Thomas,katherine84@gmail.com
1365025,Anthony Allen,aallen94@gmail.com
369715,Tammy Sullivan,sullivan.tammy@hotmail.com
17803,Brandon Norris,norris.brandon@hotmail.com
4439,Anthony Campbell,anthony_campbell2@hotmail.com
346514,Lorraine Ewing,lorraine_ewing21@gmail.com
330395,Tamara Garcia,garcia.tamara@yahoo.com
450004,Christopher Mckinney,mckinneychristopher@yahoo.com
1097211,Susan Lamb,susan63@gmail.com
163986,Thomas Boyd,thomas_boyd91@gmail.com
361931,Julia Peck,jpeck9@hotmail.com
212609,Scott Willis,scott6@hotmail.com
169430,Jennifer Morris,morrisjennifer@gmail.com
537937,Aaron Spence,aaron.spence@hotmail.com
923645,Monica Ponce,monica34@gmail.com
954556,Kathryn Rosario,kathryn_rosario72@hotmail.com
1443660,Matthew Barnett,matthew.barnett@gmail.com
2000112027,Eric Wood,wooderic@hotmail.com
37779,Jamie Ford,jamie.ford@gmail.com
2001985253,Randall Carey,randall.carey@gmail.com
2002263931,Michael Diaz,mdiaz84@hotmail.com
254614,Larry Cook,lcook28@gmail.com
124249,Gina Foster,gfoster92@yahoo.com
324390,Cynthia Moore,cynthia41@yahoo.com
137081,Rachel Wilkerson,wilkersonrachel@gmail.com
373178,Christine Gonzalez,cgonzalez5@gmail.com
703233,Katie Beasley,beasley.katie@yahoo.com
1175134,Kevin Watkins,kevin.watkins@yahoo.com
808027,Karen Beck,kbeck49@yahoo.com
114716,Madison Mcclure,mccluremadison@hotmail.com
225096,John Larsen,johnlarsen@yahoo.com
384657,Alexandria Salinas,alexandriasalinas@yahoo.com
696196,Crystal Banks,crystal_banks3@hotmail.com
294000,Thomas Kirby,thomas.kirby@gmail.com
1827731,Anne Johnson,anne.johnson@hotmail.com
1732980,Miguel Davis,migueldavis@gmail.com
714468,Travis Yu,travis48@gmail.com
598608,Benjamin Holland,hollandbenjamin@hotmail.com
789516,Patricia Thornton,patriciathornton@hotmail.com
1683306,Alejandra Matthews,alejandra.matthews@yahoo.com
111306,Kevin Gordon,kevingordon@gmail.com
326176,Christopher James,christopherjames@yahoo.com
2001955966,Marcus Allen,marcusallen@yahoo.com
6258,Eric Hendrix,eric_hendrix100@yahoo.com
75497,John Martin,martin.john@hotmail.com
289357,Julia Vazquez,jvazquez12@hotmail.com
600643,Michelle Williams,michelle_williams51@hotmail.com
46660,Mark Hammond,mark30@gmail.com
242729,Jennifer Hawkins,jenniferhawkins@gmail.com
570804,Kevin Fischer,fischerkevin@hotmail.com
107583,Ann Perez,aperez77@yahoo.com
342165,Patricia Nash,patricia_nash99@yahoo.com
791948,Ronald Salazar,ronald_salazar13@hotmail.com
131021,Connie Roberts,robertsconnie@yahoo.com
2001956563,Daniel Smith,smithdaniel@yahoo.com
339025,Christine Gamble,gamblechristine@gmail.com
453828,John Wells,johnwells@yahoo.com
382322,Christopher Gutierrez,christopher.gutierrez@gmail.com
341344,Nathan Peters,peters.nathan@yahoo.com
1063227,Daniel Gallagher,gallagher.daniel@hotmail.com
1179225,Wanda Miller,miller.wanda@yahoo.com
2216652,Kristina Decker,kristinadecker@gmail.com
2868065,Isabella White,whiteisabella@gmail.com
42223864,Tyler Fisher,fishertyler@hotmail.com
1800050891,David Garcia,dgarcia66@hotmail.com
1802319664,Jill Branch,branchjill@gmail.com
215922,Patrick Bauer,patrick92@hotmail.com
2000157964,Eric Dougherty,ericdougherty@yahoo.com
2001176126,Tracey Casey,caseytracey@yahoo.com
2001795303,Elizabeth Diaz,elizabeth_diaz55@gmail.com
2002313717,Keith Morgan,keith_morgan91@hotmail.com
2002323255,Crystal Ortega,crystalortega@hotmail.com
107135,Whitney Jones,jones.whitney@gmail.com
328169,Karen Robinson,krobinson17@yahoo.com
44160,Ray Harvey,ray.harvey@yahoo.com
407278,Alexander Romero,alexander.romero@gmail.com
490764,Chloe Brown,chloebrown@gmail.com
1138677,John Meyers,john.meyers@yahoo.com
114027,Jeremy Neal,jeremyneal@yahoo.com
204024,Tracy Lozano,tracy_lozano60@gmail.com
2001857972,Sarah Wright,swright75@yahoo.com
6357,Jennifer Nichols,jennifer87@yahoo.com
64203,Logan Holmes,holmeslogan@gmail.com
71029,Elizabeth Mills,elizabeth80@yahoo.com
189616,Mike Shields,mike.shields@gmail.com
160974,Colin Rojas,crojas6@gmail.com
36128,Kelly Lynch,lynch.kelly@gmail.com
43083,Christina Hill,christina_hill56@hotmail.com
1397394,Kent Kerr,kentkerr@hotmail.com
28177,Karen Porter,karen.porter@gmail.com
47892,Audrey Smith,audreysmith@gmail.com
481371,Angela Lopez,alopez50@yahoo.com
833516,Amanda Pennington,amanda50@hotmail.com
27783,Jill Mccarthy,jill69@gmail.com
35526,Samantha Hill,samantha.hill@gmail.com
32772,Joseph Sanders,joseph.sanders@yahoo.com
31499,Todd Powers,todd.powers@yahoo.com
37106,Victor Wilson,vwilson88@yahoo.com
28649,Sonya English,sonya.english@hotmail.com
36944,Peter Gomez,peter.gomez@hotmail.com
48288,Cheryl White,cwhite8@hotmail.com
56680,Shelia Hernandez,shelia82@hotmail.com
101823,Natalie Jensen,jensennatalie@hotmail.com
272014,Jennifer Sanchez,sanchezjennifer@gmail.com
426062,Joshua Cardenas,cardenasjoshua@gmail.com
133174,Charles Petersen,petersencharles@yahoo.com
454804,Elizabeth Jordan,elizabeth.jordan@gmail.com
302094,Leah Simmons,leah.simmons@yahoo.com
808535,Candice Alvarez,calvarez75@hotmail.com
486078,Jennifer Barrera,jenniferbarrera@gmail.com
294274,Douglas Weber,douglasweber@hotmail.com
309923,Tracy Ryan,ryan.tracy@gmail.com
140132,Malik Stark,stark.malik@gmail.com
135887,Dakota Anderson,dakota28@gmail.com
305531,Janice Pace,janice_pace10@hotmail.com
522275,David Pacheco,david44@gmail.com
88378,Karen Munoz,karen55@gmail.com
905569,Ralph Fields,ralph_fields91@gmail.com
780064,Michael Lopez,lopezmichael@hotmail.com
161265,Susan Benton,susan_benton61@gmail.com
869532,Jamie Perry,jperry65@hotmail.com
766961,Cynthia Edwards,cynthia_edwards82@yahoo.com
779699,Mark Cardenas,mark_cardenas42@hotmail.com
482933,Alicia Franco,aliciafranco@gmail.com
227978,Tina Mercado,tina_mercado21@yahoo.com
26512,Amber Henderson,amber33@yahoo.com
125411,Nicholas Woodard,woodard.nicholas@gmail.com
280271,Brandon Hunter,brandon28@hotmail.com
960709,Michael Camacho,camacho.michael@hotmail.com
226863,John Levine,john88@hotmail.com
128473,Barbara Morris,barbara_morris73@yahoo.com
171790,Eugene Fisher,fisher.eugene@gmail.com
383346,Jay Smith,jay70@yahoo.com
286566,Paul Williams,paulwilliams@gmail.com
482376,Christopher Patterson,christopher63@yahoo.com
649173,Laura Chapman,laura86@gmail.com
136997,William Schultz,william62@yahoo.com
1701315,Jodi Jordan,jodi90@yahoo.com
1058097,Steve Berg,steveberg@yahoo.com
690623,Brittany Byrd,brittany_byrd28@gmail.com
66448,Michael Oliver,olivermichael@hotmail.com
323186,William Meza,mezawilliam@yahoo.com
852554,Vanessa White,vwhite99@gmail.com
60260,Melanie Lester,melanie52@hotmail.com
1695616,Tammy Young,tammy44@gmail.com
526666,Desiree Coffey,coffeydesiree@yahoo.com
590815,Ryan Adams,radams4@gmail.com
949568,William Barton,barton.william@yahoo.com
1169750,Robert Garza,robert_garza53@gmail.com
1803423832,Linda Alexander,linda.alexander@gmail.com
400708,Frances Allison,allisonfrances@yahoo.com
1068514,Kathleen Cruz,kathleencruz@hotmail.com
1028335,Melissa Cortez,mcortez77@yahoo.com
90180,Kayla Kim,kayla_kim89@gmail.com
29782,Paula Thomas,paula23@hotmail.com
171303,Bryan Blackwell,blackwellbryan@gmail.com
153188,Jessica Larson,jessica_larson86@hotmail.com
542159,Christine Garcia,christine_garcia67@hotmail.com
452940,James Smith,james_smith96@gmail.com
179133,Jesus Cunningham,jesus.cunningham@yahoo.com
39754,Wendy Humphrey,humphreywendy@gmail.com
283251,Matthew Hancock,matthew_hancock52@yahoo.com
14410,Karen Flores,kflores25@yahoo.com
1072593,Kayla Miller,kayla7@gmail.com
841895,Frederick Blevins,fblevins78@yahoo.com
678366,Jason Williams,jason37@gmail.com
463435,Jacob Bright,brightjacob@gmail.com
870705,Laura Fisher,laurafisher@hotmail.com
47559,Rebecca Foster,rebecca_foster14@gmail.com
145352,Patricia Sanchez,sanchez.patricia@gmail.com
175492,David Brown,david_brown88@hotmail.com
63335,Brandon Moore,moorebrandon@yahoo.com
457690,Paul Odom,podom56@gmail.com
548608,Gregory Smith,gregory27@gmail.com
44420,Jane Cordova,jane_cordova54@yahoo.com
61525,James Davis,james_davis50@hotmail.com
868673,Dylan Tucker,dylan25@hotmail.com
31316,Christopher Shah,shahchristopher@yahoo.com
426156,Nicholas Armstrong,nicholas36@yahoo.com
1800179196,Heather Valdez,heather18@yahoo.com
2766292,Brian Gonzalez,briangonzalez@gmail.com
341486,Megan Mueller,megan_mueller98@hotmail.com
2941555,Natalie Nolan,nnolan74@hotmail.com
2958004,Megan Brown,megan.brown@gmail.com
1800042747,Vanessa Johnston,johnston.vanessa@hotmail.com
1800044428,Kevin Gonzalez,kevin.gonzalez@yahoo.com
1800258076,Adam Bell,belladam@yahoo.com
1801221164,Jamie Villegas,jvillegas41@yahoo.com
1802411092,Kimberly Moore,moorekimberly@yahoo.com
1802423641,Renee Larsen,renee.larsen@hotmail.com
1802430546,Lindsey Benson,lindsey58@yahoo.com
1802527471,Lee Douglas,lee.douglas@gmail.com
1384367,Amy Clements,clements.amy@gmail.com
1802653462,Joshua Russell,russelljoshua@yahoo.com
42462903,Bianca Silva,silvabianca@yahoo.com
11395289,Kelly Phelps,kellyphelps@gmail.com
1803298711,Steven Murphy,stevenmurphy@gmail.com
11800120,Tina Green,tina.green@hotmail.com
1803680891,Carol Lopez,carol.lopez@yahoo.com
1803739347,Seth Blackburn,seth.blackburn@yahoo.com
2000085148,Sandra Baxter,sandrabaxter@yahoo.com
2000111149,Jason Rodriguez,rodriguezjason@hotmail.com
2000113837,Sandra Mcconnell,sandra59@hotmail.com
2000119862,William Carrillo,williamcarrillo@yahoo.com
2000134188,Jessica Kelley,jkelley74@hotmail.com
2000187002,Nathan Hanson,nhanson100@yahoo.com
2000214796,Jonathan Christensen,jchristensen31@gmail.com
2000215790,Teresa Mitchell,teresa29@gmail.com
2000222870,Sean Henson,seanhenson@yahoo.com
2000226627,Mark Clements,mclements33@gmail.com
2000260587,Corey Peterson,petersoncorey@hotmail.com
2000261110,Brandon Evans,bevans83@yahoo.com
2000280265,Joanna White,white.joanna@yahoo.com
2000287799,Eric Williams,ericwilliams@hotmail.com
2000340556,Rachel Harrell,harrell.rachel@yahoo.com
2000383049,Briana Turner,brianaturner@yahoo.com
2000420418,Jonathan Stevens,jonathanstevens@hotmail.com
368043,Molly Bridges,bridgesmolly@yahoo.com
2000449728,Richard Singleton,rsingleton83@gmail.com
1801553725,Michael Oliver,michaeloliver@gmail.com
2000474827,Ricardo Burton,ricardo.burton@yahoo.com
2000526525,Matthew Estrada,matthewestrada@gmail.com
2000540454,Courtney Stein,courtney.stein@hotmail.com
2000431901,Rachel Aguilar,aguilarrachel@hotmail.com
2000648966,Christopher Goodwin,goodwinchristopher@hotmail.com
2000688081,Blake Owens,blake_owens20@yahoo.com
2001061706,Amber Beasley,beasleyamber@hotmail.com
2001102034,Brandon Flores,brandon.flores@gmail.com
2001084886,Jennifer Wright,jennifer.wright@gmail.com
1801189345,Stephanie Armstrong,stephanie28@hotmail.com
2001354586,Brandon Torres,brandon85@gmail.com
2001362345,Jennifer Mcpherson,mcpherson.jennifer@hotmail.com
2001364700,Timothy Fernandez,fernandeztimothy@gmail.com
2001368868,Thomas Burns,thomas.burns@gmail.com
2001377865,Jeffrey Chen,jeffrey.chen@hotmail.com
2001381315,Kathryn Lester,kathryn.lester@yahoo.com
2001391802,Jason Bowman,jason_bowman38@yahoo.com
2001396405,Greg Lee,lee.greg@yahoo.com
2001399441,Sarah Harris,sharris62@yahoo.com
1790123,Amanda Conner,conneramanda@hotmail.com
1803589550,Jennifer Rodriguez,jennifer.rodriguez@hotmail.com
2001436774,Craig Wilson,craig.wilson@gmail.com
2001437598,Russell Myers,russell47@gmail.com
2001443744,Timothy Garner,tgarner29@hotmail.com
2001467861,Joshua Stevens,joshuastevens@gmail.com
2001476275,Cody Mccormick,mccormickcody@yahoo.com
2001484054,Ebony Davis,edavis33@gmail.com
2001488417,Benjamin Oneill,benjaminoneill@hotmail.com
2001516589,Brian Prince,prince.brian@yahoo.com
2001523517,Gregory Mooney,gregory.mooney@hotmail.com
2001539151,Denise Hess,denise.hess@hotmail.com
2001600960,Derek Calhoun,derek35@hotmail.com
2001604614,Jennifer Kelly,kelly.jennifer@yahoo.com
2001604721,Danny Stanley,stanley.danny@yahoo.com
2001606241,Gabriel Morrison,gabriel27@gmail.com
2001606295,Melinda Ramirez,melinda.ramirez@yahoo.com
2001607225,Kristina Armstrong,kristina_armstrong76@hotmail.com
2001542623,Joshua Wu,wujoshua@yahoo.com
2001827830,Julie Boone,boonejulie@gmail.com
2001878400,Tiffany Griffin,tiffany_griffin99@hotmail.com
2001953175,Philip Johnson,philip85@yahoo.com
2001985409,Stephen Stevens,sstevens85@hotmail.com
2002029045,Brett Gates,brett15@hotmail.com
2000040925,Cristian Roy,roycristian@hotmail.com
2002151096,John Case,casejohn@yahoo.com
2002084634,Christine Meyer,christine64@hotmail.com
2001091055,Julie Johnson,johnson.julie@yahoo.com
2002221438,Jared Hill,jared.hill@hotmail.com
2002269212,Stacy Moran,stacy.moran@yahoo.com
440324,Amber Ramirez,ramirez.amber@hotmail.com
88342,Rebecca Baker,rebeccabaker@gmail.com
37229,Danny Ortiz,danny75@yahoo.com
195984,Becky Shelton,becky14@yahoo.com
545717,Carrie Huerta,carriehuerta@yahoo.com
85018,Sarah Jones,sjones37@hotmail.com
39835,Timothy Bryant,timothybryant@gmail.com
97010,Latasha Conley,conley.latasha@gmail.com
13593,Ryan Roberts,rroberts91@yahoo.com
108843,Casey Johnson,casey96@hotmail.com
913935,Alexander Reyes,reyes.alexander@gmail.com
37449,Kristin Becker,kristin_becker74@hotmail.com
1803179896,Nicholas Mueller,muellernicholas@yahoo.com
763736,Jeffrey Dorsey,dorsey.jeffrey@gmail.com
488441,Sherry Rodriguez,sherry_rodriguez93@yahoo.com
727055,Justin Garza,justingarza@yahoo.com
614514,Frank Butler,fbutler88@yahoo.com
458757,William Faulkner,wfaulkner11@yahoo.com
119466,Darryl Roberts,roberts.darryl@gmail.com
51011,Benjamin Bell,bell.benjamin@gmail.com
327445,William Benson,bensonwilliam@hotmail.com
93997,Joel George,joelgeorge@gmail.com
789388,Courtney King,king.courtney@hotmail.com
864044,Alexis Wagner,alexis92@yahoo.com
166294,Natalie Mcdowell,nataliemcdowell@yahoo.com
124416,Karen Bush,karen_bush27@hotmail.com
1535,Eric Scott,eric_scott99@gmail.com
211329,Bonnie Fitzgerald,bonnie_fitzgerald57@gmail.com
185105,Cynthia Singh,singh.cynthia@gmail.com
234062,Jack Preston,jack.preston@gmail.com
512309,Tony Johnson,tjohnson72@hotmail.com
1353074,Michael Moore,mooremichael@hotmail.com
326348,Hannah Gutierrez,hgutierrez18@yahoo.com
1240389,Edwin Mccoy,emccoy25@gmail.com
2001497454,Jacob Schmidt,jacob9@yahoo.com
42824094,Douglas Kent,kentdouglas@gmail.com
130663,Rickey Roy,rickey28@hotmail.com
315565,Michael Chavez,michael.chavez@hotmail.com
163112,Amy Walker,amy.walker@gmail.com
11297,Cathy Lawrence,cathy74@hotmail.com
1016189,Jessica Barnes,jessica.barnes@hotmail.com
73836,Matthew Blankenship,matthew.blankenship@gmail.com
34879,Marc Cross,mcross60@hotmail.com
141147,Todd Clark,toddclark@yahoo.com
23651,Abigail Clarke,abigail.clarke@hotmail.com
403665,Ryan Rose,ryan17@gmail.com
41529,Ashley Murray,murrayashley@gmail.com
138047,Timothy Leon,tleon78@hotmail.com
27395,Chase Clay,chaseclay@hotmail.com
230258,Amber Warner,amberwarner@gmail.com
227652,Cody Thomas,cody94@yahoo.com
308765,Matthew Perez,perezmatthew@yahoo.com
556453,Jacob Young,jacob.young@hotmail.com
832887,Jessica Taylor,jessica.taylor@gmail.com
376986,Hannah Roberson,hannah_roberson11@hotmail.com
428885,Kayla Garcia,kayla.garcia@hotmail.com
152178,Tracy Jimenez,tracyjimenez@yahoo.com
201581,Shelby Chase,shelby47@gmail.com
1105991,Michael Powell,michaelpowell@hotmail.com
627002,Justin Logan,loganjustin@yahoo.com
2511882,Julian Martinez,julian58@hotmail.com
2001938045,Jimmy Brown,jimmy.brown@gmail.com
2002333222,Micheal Cantrell,mcantrell85@gmail.com
41307,Tyler Walker,twalker55@yahoo.com
198228,Lisa Macias,lisa.macias@yahoo.com
139381,Joshua Rivera,jrivera99@yahoo.com
173579,Lori Hess,lori_hess52@hotmail.com
176615,Eduardo Cochran,cochraneduardo@gmail.com
435683,Tracey Walker,tracey_walker85@gmail.com
268973,Lawrence Smith,lawrence.smith@hotmail.com
123964,William Snyder,william88@gmail.com
486718,Barbara Lamb,barbara.lamb@hotmail.com
705251,Joshua Dawson,dawsonjoshua@gmail.com
169712,Jillian Martin,martinjillian@gmail.com
199848,Jesse Todd,jesse.todd@yahoo.com
425008,Anthony Davis,anthony8@hotmail.com
58439,Christopher Vasquez,christopher_vasquez2@hotmail.com
355637,Jamie Jackson,jacksonjamie@gmail.com
1112060,Michael Preston,preston.michael@hotmail.com
783601,Mary Arnold,mary.arnold@yahoo.com
880866,James Nixon,james_nixon68@yahoo.com
1300155,Gregory Perry,gperry48@yahoo.com
124190,Gary Lopez,glopez77@yahoo.com
866963,Tracy Miller,miller.tracy@hotmail.com
1663103,James Gonzalez,gonzalezjames@gmail.com
1198738,John Hopkins,john30@hotmail.com
309360,Tracy Parks,tracyparks@hotmail.com
2715825,Marco Sutton,msutton65@gmail.com
1708613,Lori Webster,loriwebster@hotmail.com
345884,Timothy Edwards,edwardstimothy@hotmail.com
423780,Eric Colon,ericcolon@yahoo.com
1530765,Brandon Dunn,dunn.brandon@yahoo.com
2001118994,Carl Sanchez,sanchez.carl@gmail.com
2001433133,Justin House,jhouse74@gmail.com
1911882,Claudia Estrada,cestrada18@gmail.com
2001530133,Jessica Mooney,mooneyjessica@yahoo.com
1175362,Anne Foster,anne55@gmail.com
2000659458,Bryan Mosley,bmosley30@gmail.com
2002328984,Kaitlyn Holt,kholt81@gmail.com
560807,Jeffrey Taylor,jeffrey.taylor@gmail.com
593927,Megan Alexander,alexandermegan@yahoo.com
936601,Jeanne Smith,jsmith8@hotmail.com
313633,Brittney Schultz,bschultz94@hotmail.com
844554,Sharon Franklin,sharon.franklin@yahoo.com
9869,Robert Rodriguez,robert.rodriguez@gmail.com
122993,Barbara Zuniga,barbara_zuniga44@yahoo.com
58836,Robert White,robert.white@yahoo.com
91392,Ryan Wilson,ryan.wilson@gmail.com
366118,Vincent Martin,vincent_martin36@yahoo.com
86318,Robert Brown,brownrobert@hotmail.com
130395,Paul Simpson,paul.simpson@gmail.com
199792,Caleb Willis,caleb.willis@yahoo.com
521211,Samantha Ortega,samantha_ortega54@hotmail.com
744939,Julie Reid,julie.reid@yahoo.com
723491,Kevin Riggs,kriggs43@yahoo.com
1144987,Connie Evans,evansconnie@gmail.com
483932,Spencer Prince,spencer87@hotmail.com
15521,Amy Jones,jonesamy@hotmail.com
679759,Allison Hughes,allisonhughes@hotmail.com
274467,Kenneth Ortiz,kenneth26@gmail.com
303700,Amy Pham,phamamy@yahoo.com
2148727,Scott Walter,scott_walter14@hotmail.com
2918668,Kevin Schmidt,schmidtkevin@gmail.com
1162224,Michael Fuentes,mfuentes84@yahoo.com
2198343,Amy Collins,acollins32@hotmail.com
2109227,Joseph Hanna,joseph_hanna41@yahoo.com
1803677177,Jessica Jackson,jessica.jackson@hotmail.com
2000041789,Carly Flynn,flynncarly@hotmail.com
2942654,Heather Walker,heather.walker@yahoo.com
593835,Mark Smith,mark_smith36@hotmail.com
2000645615,Paula Jenkins,pjenkins87@hotmail.com
2000656899,Antonio Lambert,alambert56@hotmail.com
2000712172,Mark Garcia,mark28@yahoo.com
2000805160,Kathy Thomas,kathy.thomas@hotmail.com
2001005709,Deborah Mckinney,dmckinney12@yahoo.com
2001207659,Jon Huber,huberjon@yahoo.com
2001227692,Ricky Dillon,rdillon100@gmail.com
2001605700,Joshua Taylor,joshua100@gmail.com
493093,Adam Abbott,adam_abbott78@yahoo.com
2001652865,Beth Bender,benderbeth@yahoo.com
2002099131,Cody King,cody.king@gmail.com
2002274032,Tyler Palmer,tyler.palmer@gmail.com
58038,Jamie Jackson,jackson.jamie@yahoo.com
197023,Michele Gamble,michele46@yahoo.com
157136,Edgar Bishop,edgarbishop@hotmail.com
442988,Aimee Larsen,aimee.larsen@hotmail.com
345569,Vincent Bauer,vincent.bauer@yahoo.com
36079,Olivia Watson,olivia_watson31@hotmail.com
469903,Daniel Griffin,griffin.daniel@hotmail.com
98722,Jerry Norton,jerry69@yahoo.com
1182736,Julia Chavez,julia.chavez@gmail.com
32671,Christine Peterson,peterson.christine@hotmail.com
659896,Mark Baldwin,mbaldwin54@yahoo.com
861336,Christy Vasquez,vasquezchristy@gmail.com
5060,Patricia Poole,patricia_poole77@yahoo.com
1346465,Monica Jones,mjones93@yahoo.com
1928133,Kayla Gonzalez,kayla.gonzalez@yahoo.com
239706,Donna Reed,donna_reed66@gmail.com
464080,Sharon Smith,sharon.smith@hotmail.com
252514,Ashley Jones,jonesashley@hotmail.com
578177,Zachary Hernandez,hernandez.zachary@yahoo.com
779751,Robin Stewart,robin.stewart@hotmail.com
1804431,Nicholas Graham,nicholas.graham@hotmail.com
243533,Emily Escobar,emily_escobar59@gmail.com
240832,Adrian Bell,adrianbell@yahoo.com
468351,Jason Burton,jason_burton49@gmail.com
393426,Kathleen Moore,kathleen64@yahoo.com
2882644,Melanie Reynolds,melanie_reynolds37@gmail.com
1802849661,Brian Rich,brich99@yahoo.com
1802738659,Rachel Cole,rachel.cole@yahoo.com
2001744935,Kristen Moody,kristen.moody@yahoo.com
80560,Brian Webster,websterbrian@gmail.com
117781,Timothy Hall,thall82@yahoo.com
59064,Virginia Mills,virginia82@gmail.com
99325,Ariana Roman,aroman43@gmail.com
198971,Kristopher Davis,daviskristopher@gmail.com
529571,Michelle Ibarra,mibarra50@hotmail.com
2689893,John Roman,jroman35@hotmail.com
2906339,Todd Nicholson,nicholson.todd@hotmail.com
2912533,Mark Moore,markmoore@yahoo.com
185142,Stephen Ramirez,ramirez.stephen@gmail.com
241385,Heather Terry,hterry88@hotmail.com
1802704192,Claire Lee,claire_lee69@yahoo.com
1802776261,Ashley Martinez,amartinez62@hotmail.com
1802887113,Christian Reese,christian31@hotmail.com
2288695,Jeremiah Pope,popejeremiah@gmail.com
11154472,Mary Harris,maryharris@yahoo.com
1803540083,Karen Wolfe,karenwolfe@gmail.com
427184,Vincent Nelson,vincentnelson@yahoo.com
2000449926,Robert French,french.robert@hotmail.com
2000800890,Mary Acosta,acostamary@gmail.com
2000819755,Heather Joseph,heatherjoseph@hotmail.com
2000821130,Timothy Wilson,wilson.timothy@hotmail.com
2155453,Michael Anderson,michaelanderson@hotmail.com
2000950147,Tammy Mcguire,tammy.mcguire@yahoo.com
2001281861,Stephen Sexton,stephen.sexton@gmail.com
2001540917,Jennifer Palmer,jennifer.palmer@yahoo.com
2001486911,Mitchell Schneider,schneider.mitchell@yahoo.com
2001801544,Elizabeth Gonzalez,gonzalezelizabeth@hotmail.com
2001953552,John Brown,brown.john@gmail.com
1527385,Kenneth Bush,kenneth_bush94@hotmail.com
2002305063,Dakota Harris,dakota.harris@yahoo.com
38094,Benjamin Long,long.benjamin@yahoo.com
95743,Justin Schaefer,justin_schaefer79@hotmail.com
384923,Natalie Foster,natalie.foster@hotmail.com
759732,Leslie Hines,hinesleslie@gmail.com
1642015,Daniel Foley,foley.daniel@gmail.com
23424,Jonathan Elliott,jonathan_elliott82@hotmail.com
33588,Nathan York,nyork26@hotmail.com
142583,Andrew Bailey,bailey.andrew@yahoo.com
223978,Michele Nguyen,michele.nguyen@yahoo.com
465056,Mary Huffman,huffman.mary@hotmail.com
206747,Tiffany Harris,tiffany.harris@gmail.com
329769,Danielle Wallace,wallacedanielle@hotmail.com
170271,Lucas Hampton,lucas.hampton@gmail.com
548134,Alyssa Beasley,alyssa79@hotmail.com
412186,Teresa Schmidt,teresa_schmidt37@yahoo.com
359707,Luke Myers,lmyers96@gmail.com
464253,Laura Wilcox,laura2@yahoo.com
842342,Debra Smith,dsmith59@yahoo.com
2138695,Ashley Smith,ashley.smith@gmail.com
2000126923,Catherine Myers,catherine_myers48@hotmail.com
2001541961,Michael Cochran,cochranmichael@hotmail.com
1803487068,Elizabeth Foster,efoster34@yahoo.com
23400,Diane Bond,diane_bond68@gmail.com
24386,Kelsey Brown,brownkelsey@gmail.com
55181,Adam Perez,adam70@gmail.com
41879,David Jackson,david.jackson@yahoo.com
57939,Edward Hawkins,ehawkins78@gmail.com
68727,Kelly Dodson,kellydodson@hotmail.com
33443,Desiree Johnson,johnsondesiree@yahoo.com
54885,Benjamin Floyd,bfloyd49@gmail.com
116608,Sheri Stanton,sheri95@yahoo.com
44383,Kari Owens,owenskari@gmail.com
132383,Samantha Fuentes,samanthafuentes@yahoo.com
118159,Haley Ramirez,hramirez15@gmail.com
192581,Amanda Williams,williamsamanda@gmail.com
173838,Veronica Wells,wells.veronica@hotmail.com
141816,James Hamilton,hamilton.james@yahoo.com
1522598,Rebecca King,rebecca.king@yahoo.com
175824,Sheila Brown,sheila.brown@gmail.com
148316,Scott Randolph,randolph.scott@gmail.com
19198,Dan Clark,dan_clark51@gmail.com
129177,Andrew Castillo,andrew.castillo@yahoo.com
279240,Alexis Thornton,thornton.alexis@yahoo.com
279506,Brian Hill,brian.hill@gmail.com
113941,Cynthia Gill,cynthia4@hotmail.com
231054,Evan Shaw,evanshaw@hotmail.com
228742,Charles Black,blackcharles@gmail.com
103849,Daniel Guzman,guzman.daniel@yahoo.com
242250,Kevin Kim,kevin.kim@gmail.com
336058,Aaron Livingston,aaron.livingston@hotmail.com
278113,Amy Bryant,abryant31@hotmail.com
367916,Scott Fitzgerald,scottfitzgerald@gmail.com
405655,Henry Carter,henry.carter@hotmail.com
438966,Jodi Montgomery,jmontgomery31@yahoo.com
146284,Nicole Palmer,nicole.palmer@gmail.com
138051,Jennifer Salazar,jennifer.salazar@hotmail.com
373817,Jackie Hall,jackie_hall45@gmail.com
362734,Kevin Cantrell,cantrellkevin@gmail.com
227607,Sarah Blanchard,blanchardsarah@yahoo.com
452355,Jodi Brown,jodi25@gmail.com
250230,Timothy Flores,timothy.flores@yahoo.com
126104,Willie Bailey,wbailey99@gmail.com
88717,Katie Ortega,katie.ortega@yahoo.com
676529,Kristen Shannon,kristenshannon@yahoo.com
140806,Deborah Miller,millerdeborah@hotmail.com
743475,Jesse Freeman,freeman.jesse@yahoo.com
302744,Nancy Valencia,valencianancy@gmail.com
340776,Kyle Williams,williams.kyle@hotmail.com
112489,Justin Johnson,justin29@hotmail.com
570154,Bradley Haynes,bradley_haynes17@yahoo.com
188837,David Taylor,dtaylor2@gmail.com
937563,Laura Martin,lauramartin@gmail.com
546216,Melanie Howell,melanie_howell88@hotmail.com
1022468,Whitney Wu,whitney.wu@yahoo.com
1090141,Shawn Murray,murrayshawn@yahoo.com
242642,Ashley Rose,ashley_rose77@yahoo.com
573772,Joseph Hall,hall.joseph@hotmail.com
362892,Kathryn Moore,kathryn42@yahoo.com
174991,Gregory Peters,peters.gregory@hotmail.com
1188379,Randall Yu,randallyu@yahoo.com
13705,Christine Rhodes,christine_rhodes78@yahoo.com
445122,Andrew Harrison,harrison.andrew@gmail.com
318235,Garrett Carter,gcarter28@yahoo.com
231198,Nancy Smith,nancy70@hotmail.com
55392,Madison Rogers,madison_rogers52@hotmail.com
868626,Elizabeth Hunt,hunt.elizabeth@hotmail.com
567380,Kimberly Powell,kimberly77@yahoo.com
1350389,Julie Morales,julie_morales59@gmail.com
848507,Andrew Sanchez,asanchez45@yahoo.com
301487,Lindsay Walters,lindsaywalters@hotmail.com
449500,James Schmidt,james2@gmail.com
171328,Sarah Harvey,harveysarah@gmail.com
817360,Scott Jenkins,jenkins.scott@gmail.com
158086,Mary Vargas,mary_vargas58@yahoo.com
423494,Corey Parker,corey21@hotmail.com
333017,Patricia Huang,patricia.huang@gmail.com
1890285,Carmen Davis,daviscarmen@hotmail.com
31807,Debra Jimenez,jimenezdebra@gmail.com
1920372,Vincent Monroe,vmonroe67@gmail.com
1934824,Alicia Lewis,alicia.lewis@hotmail.com
914720,Christopher Lewis,lewischristopher@gmail.com
445033,Sandra Peterson,sandrapeterson@yahoo.com
18745,Tony Kaufman,tony5@gmail.com
2638980,Rhonda Dorsey,dorsey.rhonda@yahoo.com
134624,Robert Wang,robert.wang@hotmail.com
328542,Julia Vasquez,vasquez.julia@yahoo.com
429182,Melissa Gonzalez,melissagonzalez@yahoo.com
693345,David Ellis,davidellis@gmail.com
959326,Brenda Ball,brenda12@hotmail.com
297761,James Walters,waltersjames@gmail.com
2000886170,Trevor May,trevor.may@yahoo.com
2000997235,Amanda Walker,walker.amanda@yahoo.com
2001417173,David Adkins,davidadkins@hotmail.com
2001511195,Katrina Davila,katrina81@hotmail.com
2001607116,William Hampton,williamhampton@yahoo.com
1185804,Mark Byrd,mark_byrd42@hotmail.com
2001610036,Kelly Hernandez,hernandez.kelly@gmail.com
2002314081,Allison Smith,allison2@gmail.com
58762,Tiffany Wilson,twilson83@gmail.com
107509,Laura Hernandez,hernandez.laura@yahoo.com
62408,Richard Schmidt,richardschmidt@gmail.com
35918,Benjamin Velez,benjaminvelez@hotmail.com
72278,Regina Perry,perryregina@yahoo.com
156653,Ashley Munoz,munoz.ashley@hotmail.com
171724,Nicole Ryan,nicoleryan@hotmail.com
181879,Daniel Mcpherson,danielmcpherson@hotmail.com
125266,Melissa Norton,melissa_norton28@gmail.com
213547,Amanda Romero,romero.amanda@yahoo.com
115853,Samuel Lawson,lawson.samuel@yahoo.com
140028,John Moore,moore.john@gmail.com
250309,Anne Lara,annelara@gmail.com
172169,Sandra Benson,bensonsandra@hotmail.com
242929,Jamie Lawrence,jamielawrence@hotmail.com
122235,Marissa Griffin,mgriffin4@gmail.com
289860,Amber Howard,amberhoward@hotmail.com
193516,Douglas Bennett,douglas_bennett84@gmail.com
208136,Angela Gamble,angelagamble@gmail.com
322326,John Shields,shieldsjohn@hotmail.com
37036,Jade Hart,jade80@gmail.com
286665,John Byrd,john.byrd@yahoo.com
206385,Eric Grant,ericgrant@hotmail.com
359220,Monica Welch,mwelch89@gmail.com
533612,Darlene Mendoza,darlene_mendoza6@gmail.com
203111,Jennifer Peterson,jennifer.peterson@hotmail.com
312577,Allison Smith,allison21@yahoo.com
39420,Michael Johnson,michaeljohnson@gmail.com
1663799,Ana Mercer,mercerana@gmail.com
2017511,Joseph Edwards,josephedwards@gmail.com
83093,Elizabeth Beck,elizabeth_beck29@yahoo.com
16758,Mark Munoz,mark_munoz82@yahoo.com
27381,Jeremy Vaughn,vaughnjeremy@gmail.com
57232,Rhonda Bowers,rhonda99@hotmail.com
356127,James Nichols,james98@yahoo.com
1159440,Maria Payne,maria_payne83@gmail.com
2002114765,Jason Graham,jason.graham@yahoo.com
58104,Tiffany Miller,tmiller67@hotmail.com
128447,Justin Jones,justin.jones@gmail.com
191436,Larry Barajas,larrybarajas@hotmail.com
104600,Kimberly Moore,kimberlymoore@gmail.com
131126,Victoria Hamilton,victoria.hamilton@hotmail.com
113117,Christian Randall,christianrandall@gmail.com
187276,Brenda Mccormick,brenda_mccormick98@gmail.com
213114,Joshua Duke,joshua.duke@hotmail.com
276718,Donald Weaver,donald.weaver@gmail.com
614976,Douglas Lee,douglas_lee4@yahoo.com
114681,Brandon Shelton,brandonshelton@hotmail.com
192264,Richard Combs,combs.richard@hotmail.com
1102893,Amber Jackson,amber.jackson@yahoo.com
851405,Thomas Christensen,thomas_christensen49@gmail.com
178427,Steven Cox,steven.cox@yahoo.com
407338,Michael Schwartz,schwartzmichael@yahoo.com
143933,Meghan Davis,meghandavis@hotmail.com
1176241,Lisa Clay,lisa80@yahoo.com
185684,Philip Andrews,andrewsphilip@gmail.com
1665656,Johnathan Clark,johnathan42@yahoo.com
314211,Heather Michael,hmichael17@gmail.com
350812,Rachel Simpson,rachel15@gmail.com
437991,Justin Roth,rothjustin@hotmail.com
527886,Rebecca Gray,rebecca_gray98@yahoo.com
552613,Lauren Parker,parker.lauren@hotmail.com
35965,Veronica Kennedy,kennedy.veronica@hotmail.com
30789,Diane Adams,dadams47@hotmail.com
22724,Austin Torres,austintorres@gmail.com
45001,Christina Mccoy,christina59@yahoo.com
116478,Charles Sexton,charles.sexton@hotmail.com
54243,Paul Price,paul_price77@gmail.com
104283,Harold Ray,ray.harold@hotmail.com
89435,Cole Jones,colejones@gmail.com
185708,Elizabeth Martinez,elizabeth_martinez23@hotmail.com
210117,Craig Hill,hillcraig@yahoo.com
147109,Andrew Jones,andrew.jones@gmail.com
141012,Michele Bates,michelebates@yahoo.com
458087,Carrie Davis,carrie.davis@gmail.com
403089,Kathryn Martin,kathryn.martin@yahoo.com
144897,Nicole Hanson,hansonnicole@gmail.com
288351,Justin Curtis,justincurtis@hotmail.com
167179,Jane Mcguire,jmcguire78@gmail.com
323328,Mary Leonard,leonardmary@yahoo.com
61010,Thomas Olsen,thomasolsen@yahoo.com
281330,Amy Carter,carteramy@gmail.com
307059,Joseph Doyle,joseph77@gmail.com
317631,Antonio Larsen,larsen.antonio@hotmail.com
215898,David Thomas,david56@yahoo.com
1376400,Lee Waters,lwaters95@gmail.com
252084,Angela Black,angela31@yahoo.com
1800198467,Jesse Carter,carterjesse@gmail.com
573325,Jesus Craig,jesus.craig@hotmail.com
55122,Ann Harris,ann_harris81@hotmail.com
156034,Stephen Spears,stephen.spears@yahoo.com
297543,Brenda Abbott,abbott.brenda@gmail.com
247940,Suzanne Richardson,suzanne.richardson@yahoo.com
9717,Ronald Ramos,ramosronald@hotmail.com
210188,Brandi Lin,lin.brandi@yahoo.com
343262,Steven Wright,wrightsteven@gmail.com
56003,Robert Cross,robert_cross57@yahoo.com
1136209,James Anderson,janderson91@gmail.com
952152,Christopher Kennedy,kennedychristopher@hotmail.com
990914,Corey Rogers,rogerscorey@hotmail.com
1846441,Marc Terry,marc20@gmail.com
2664120,Ashley Michael,michael.ashley@hotmail.com
1092246,Michael Velez,michael.velez@yahoo.com
371672,Kristin Stewart,kristin_stewart4@hotmail.com
1084552,Emily Hill,hill.emily@hotmail.com
104621,Keith Johnson,kjohnson1@hotmail.com
26032,Mary Lang,mary44@hotmail.com
33722,Tiffany Johnson,tiffanyjohnson@yahoo.com
146637,Laura Campbell,campbell.laura@gmail.com
202733,Amanda Lucero,amanda.lucero@yahoo.com
21841,Wendy Wall,wallwendy@gmail.com
40560,Michael Owens,owensmichael@yahoo.com
125808,Harry Walker,hwalker89@gmail.com
170959,Ronald Gutierrez,rgutierrez50@yahoo.com
54271,John Gibson,john10@gmail.com
233014,Adam Foster,fosteradam@yahoo.com
302815,Rita Campbell,campbellrita@gmail.com
95372,Ana Thompson,anathompson@hotmail.com
428463,Jason Cox,coxjason@hotmail.com
106777,Michael Ramirez,michael.ramirez@hotmail.com
47510,Russell Hines,russell54@yahoo.com
292308,Stephen Chambers,stephen.chambers@hotmail.com
4740,Felicia Spencer,felicia69@gmail.com
206442,Tiffany Zavala,tzavala30@gmail.com
1612977,Maureen Villa,maureenvilla@hotmail.com
122878,David Young,david6@yahoo.com
605574,Kimberly Padilla,kimberlypadilla@hotmail.com
475484,Rodney Moore,rodney7@yahoo.com
2208765,Rachel Maynard,maynardrachel@hotmail.com
2210747,Theresa Pittman,theresa26@gmail.com
2401954,Brett Floyd,floyd.brett@hotmail.com
2879123,Jason Rodriguez,rodriguezjason@hotmail.com
1803611854,Ronald Williams,ronald6@gmail.com
2000355338,Carla Williams,carlawilliams@hotmail.com
2000533197,Timothy Jones,timothy28@gmail.com
2000912079,Jason Patterson,jason93@hotmail.com
2834180,Justin Padilla,padilla.justin@yahoo.com
2001569573,Michael Miller,michael_miller10@gmail.com
2000188242,Laura Barnes,barnes.laura@hotmail.com
2002174000,Michelle Thompson,michelle84@hotmail.com
111342,Kimberly Hunt,khunt68@yahoo.com
374520,James Thomas,jthomas100@hotmail.com
1129191,John Wilson,john18@yahoo.com
498271,Amy Davis,amydavis@hotmail.com
373020,Sara Hill,sara88@hotmail.com
80998,Jennifer Gonzalez,gonzalezjennifer@hotmail.com
679953,Keith Burns,keith.burns@yahoo.com
1429901,Angela Harris,angela_harris100@gmail.com
44757,Daniel Glover,gloverdaniel@yahoo.com
143318,Robert Weiss,robert_weiss15@gmail.com
487387,David Blair,dblair64@hotmail.com
486725,Christopher Hunter,hunterchristopher@gmail.com
537188,Jesse Case,jesse32@gmail.com
476326,Jeffrey Jackson,jeffrey.jackson@hotmail.com
679689,Destiny Jackson,destiny.jackson@gmail.com
87577,Jill Espinoza,jill27@hotmail.com
231661,Kenneth Bailey,kenneth5@hotmail.com
268778,Nancy Baker,nbaker100@gmail.com
70662,Jessica Carrillo,carrillo.jessica@yahoo.com
392154,Monica Thompson,thompsonmonica@hotmail.com
781392,Michael Haynes,michaelhaynes@hotmail.com
592157,Ralph Walker,walker.ralph@yahoo.com
1762248,Jeffrey Carey,jeffrey.carey@gmail.com
2002314120,Glenda Martin,glenda.martin@gmail.com
149363,Sherri Williamson,sherri.williamson@hotmail.com
229619,Greg Ward,gregward@yahoo.com
227831,Carolyn Johnson,carolyn.johnson@yahoo.com
89831,Lacey Hendrix,laceyhendrix@hotmail.com
131807,Tina Savage,savagetina@gmail.com
293086,Krystal Rasmussen,krystal77@yahoo.com
86764,Donald Howard,donald_howard89@hotmail.com
129992,Priscilla Joyce,priscilla64@gmail.com
217726,Charles Meyers,charles.meyers@yahoo.com
244817,Austin Miles,amiles75@yahoo.com
274866,Kelsey Powers,powerskelsey@gmail.com
239229,Randy Terrell,terrell.randy@gmail.com
65720,James Powell,powelljames@hotmail.com
209255,Robert Wells,robert_wells90@hotmail.com
205100,Laura Ramirez,lramirez40@hotmail.com
269198,Stephanie Stevens,stephanie_stevens80@hotmail.com
329056,Jean Johnson,jeanjohnson@hotmail.com
57162,Angela Warner,angela.warner@yahoo.com
98336,Melanie Gomez,gomezmelanie@gmail.com
138429,Ryan Heath,heathryan@gmail.com
356062,Nathan Simpson,simpsonnathan@hotmail.com
222055,Tiffany Dixon,tiffany_dixon73@hotmail.com
142559,Henry Thomas,hthomas64@yahoo.com
405313,Ashley Robinson,ashley81@gmail.com
59473,Terrence Fox,terrence73@yahoo.com
394077,Kathleen Miller,millerkathleen@gmail.com
248772,Julian Peck,julian_peck1@yahoo.com
446610,Natasha Merritt,natasha_merritt39@gmail.com
309368,Robert Davis,rdavis56@gmail.com
168416,George Hughes,ghughes60@hotmail.com
129031,Mary Myers,mary.myers@hotmail.com
458309,Angela Delgado,angela.delgado@gmail.com
487248,Dustin Ramirez,ramirezdustin@yahoo.com
274719,Brandon Larson,brandonlarson@hotmail.com
295565,Darren Fuller,dfuller14@yahoo.com
219318,Christopher Harris,harris.christopher@yahoo.com
394604,Stanley Olsen,solsen90@yahoo.com
223854,Jessica Herrera,jessica.herrera@gmail.com
222478,Jeremy Thomas,jeremy_thomas28@gmail.com
183964,Mary Petersen,petersenmary@hotmail.com
507233,Sandy Hernandez,sandy_hernandez54@yahoo.com
275438,Matthew Hobbs,matthew.hobbs@gmail.com
265954,Clifford Callahan,clifford.callahan@gmail.com
353579,Katelyn Diaz,katelyn43@hotmail.com
505325,Ann Jones,ajones33@gmail.com
74652,Sean Perez,perezsean@hotmail.com
261510,Juan King,juan50@yahoo.com
103876,Katherine Johnson,katherine_johnson71@hotmail.com
20480,Tyler Gonzalez,gonzalez.tyler@yahoo.com
352845,Chloe Lopez,chloe.lopez@yahoo.com
250031,Shirley Barton,shirley_barton24@yahoo.com
339260,Darlene Heath,darlene56@hotmail.com
344069,Anthony Fernandez,fernandezanthony@gmail.com
559316,Annette Jones,jones.annette@gmail.com
573224,Michael Miller,michaelmiller@hotmail.com
547357,Karen Peters,peterskaren@gmail.com
281132,Sharon Russell,russell.sharon@hotmail.com
566275,Paul Scott,paulscott@gmail.com
473347,Dennis Nguyen,dennis_nguyen39@yahoo.com
494068,Patricia Peterson,patricia68@hotmail.com
332670,Scott Young,scott_young64@yahoo.com
467341,Marie Harmon,marie_harmon32@yahoo.com
13483,Sierra Murillo,sierramurillo@gmail.com
88569,Kristina Powell,powell.kristina@gmail.com
446738,Patricia Lara,larapatricia@gmail.com
173880,Kimberly Vega,vega.kimberly@gmail.com
68023,Laurie Lee,llee30@hotmail.com
591307,Jason Riddle,jriddle90@gmail.com
61660,Derrick Ferguson,dferguson41@yahoo.com
468146,Calvin Williams,cwilliams54@gmail.com
8688,Joshua York,york.joshua@yahoo.com
659588,Kristin Mcconnell,kristin_mcconnell8@gmail.com
352738,David Mcclure,davidmcclure@gmail.com
191533,Amber Gardner,gardneramber@gmail.com
130133,Heather Davidson,hdavidson74@yahoo.com
68960,Sara Burton,sburton98@gmail.com
731434,Brittany Moyer,brittany21@gmail.com
355058,Lisa Warren,warrenlisa@yahoo.com
202431,Christopher Myers,myerschristopher@yahoo.com
587114,Sean Watts,wattssean@hotmail.com
332211,Megan Ryan,ryanmegan@hotmail.com
389431,Tiffany Woods,twoods51@hotmail.com
675287,Tracy Suarez,tracy_suarez98@gmail.com
377581,James Tate,james_tate13@gmail.com
538098,Margaret Simpson,margaret21@yahoo.com
125640,Amy Hoffman,amyhoffman@hotmail.com
638072,Tamara Mack,tamara56@hotmail.com
422609,Cheryl Martinez,cmartinez5@gmail.com
399657,Daniel Mata,daniel.mata@gmail.com
383206,Jacob Estrada,estradajacob@gmail.com
801264,Joseph Skinner,jskinner13@yahoo.com
29404,Lisa Andrews,lisa_andrews43@gmail.com
55578,Tamara Jackson,tjackson85@gmail.com
495032,Ricky Wilkinson,wilkinsonricky@hotmail.com
674484,Victor Fernandez,victor.fernandez@gmail.com
768828,Kristen Hampton,kristen.hampton@yahoo.com
362983,Mark Perry,perrymark@gmail.com
622972,Victoria Stanley,victoriastanley@hotmail.com
544754,Micheal Carr,carrmicheal@hotmail.com
719083,Mark Dominguez,dominguezmark@hotmail.com
98761,Gary Richard,gary.richard@yahoo.com
577723,Michael Fleming,michael10@hotmail.com
951589,Stephanie Cooper,stephaniecooper@hotmail.com
395940,Melissa Mosley,melissa39@gmail.com
987323,Scott Fitzpatrick,fitzpatrick.scott@gmail.com
1049724,Victoria Sparks,victoria_sparks10@hotmail.com
633027,Karen Perez,karen28@hotmail.com
353485,John Lewis,jlewis45@hotmail.com
1007259,Jeremiah Walker,walkerjeremiah@hotmail.com
1046155,Kristy Nelson,kristy.nelson@hotmail.com
126618,Richard Serrano,richard_serrano9@hotmail.com
1102065,Karen Brooks,karen_brooks28@gmail.com
1239933,Gina Turner,gina_turner15@hotmail.com
1200137,Kelly Robinson,robinsonkelly@yahoo.com
221139,Timothy Patel,timothy.patel@yahoo.com
329638,Melanie Smith,melaniesmith@hotmail.com
653438,Andrew Kramer,akramer8@hotmail.com
1348747,Rodney Coleman,colemanrodney@hotmail.com
415084,Crystal Green,cgreen7@hotmail.com
590640,Donna Gilbert,gilbertdonna@hotmail.com
1437646,Kari Rodriguez,kari89@yahoo.com
184890,Paul Joseph,pjoseph27@yahoo.com
465829,Lacey Walton,lacey.walton@yahoo.com
50969,Christian Freeman,christian_freeman5@gmail.com
228963,Alexis Nguyen,nguyen.alexis@gmail.com
74281,Raymond Wilson,raymond.wilson@hotmail.com
1154939,Thomas Sullivan,tsullivan55@gmail.com
633761,James Lowe,jameslowe@hotmail.com
1832505,Bonnie Long,bonnie.long@yahoo.com
75890,Ronnie Newton,rnewton7@yahoo.com
1084369,Jennifer Ward,jennifer_ward100@gmail.com
344087,Sherri Hoover,sherrihoover@gmail.com
1530179,Robert Bradley,bradley.robert@yahoo.com
132010,Donna Velasquez,donna.velasquez@yahoo.com
207257,Patrick Perez,pperez20@yahoo.com
316809,Joy Davis,davisjoy@yahoo.com
928301,Jasmin Maldonado,jasmin_maldonado28@hotmail.com
1581225,Donna Martinez,donnamartinez@yahoo.com
2378234,Heather Gomez,gomezheather@hotmail.com
2474725,Darlene Farmer,dfarmer20@gmail.com
348926,Kenneth Anderson,kenneth.anderson@yahoo.com
175727,Taylor Carter,carter.taylor@hotmail.com
2661620,Denise Young,denise_young20@hotmail.com
2742639,Michael Burns,michael_burns5@yahoo.com
628076,Kara West,west.kara@gmail.com
165933,Carl Allen,carl_allen65@hotmail.com
661864,Kaitlin Cox,kaitlin.cox@hotmail.com
198154,Devon Morris,morrisdevon@hotmail.com
2000335947,Benjamin Howe,benjamin_howe58@yahoo.com
1949845,Michelle Yang,yang.michelle@hotmail.com
377366,Melissa Gray,melissa_gray3@hotmail.com
218535,Faith Martin,fmartin98@hotmail.com
41531,Felicia Hernandez,fhernandez15@hotmail.com
4481,Carrie Jones,jonescarrie@hotmail.com
1533,Matthew Nelson,matthewnelson@yahoo.com
41480,James Howard,howard.james@hotmail.com
6164,Danielle Guerrero,danielleguerrero@yahoo.com
118163,Amanda Brewer,breweramanda@gmail.com
189797,Neil Phelps,nphelps77@gmail.com
676820,Jesse Garcia,jesse26@yahoo.com
64918,Gina Long,gina.long@yahoo.com
108291,Alicia Holder,holder.alicia@hotmail.com
35635,Trevor Ward,tward53@yahoo.com
308434,Cynthia Allen,cynthia90@gmail.com
1699816,Harry Maldonado,harrymaldonado@gmail.com
23724,Caitlin Lewis,lewis.caitlin@hotmail.com
182809,Raymond Miller,raymond27@gmail.com
463202,Benjamin Rhodes,brhodes14@hotmail.com
246844,Andrew Delgado,adelgado71@hotmail.com
850974,Meagan Solis,msolis97@hotmail.com
326970,Julie Gordon,julie38@hotmail.com
145097,Karen Mcclain,karenmcclain@yahoo.com
786549,Jeffrey Morris,jeffreymorris@yahoo.com
298098,Gabriel Roberts,gabriel_roberts11@yahoo.com
4470,Joanne Cohen,jcohen39@yahoo.com
93847,Rebecca Gonzalez,rebeccagonzalez@yahoo.com
1750773,Traci Walsh,traci_walsh10@yahoo.com
207176,Brianna Weber,brianna.weber@gmail.com
2651788,Elizabeth Bowman,elizabeth_bowman84@gmail.com
223318,Carolyn Allen,callen89@yahoo.com
22973,Alexander Hudson,hudsonalexander@yahoo.com
515680,Kenneth Cisneros,kennethcisneros@gmail.com
2283828,Nicholas Cantu,nicholas.cantu@yahoo.com
462336,Kathleen Gibson,kathleengibson@yahoo.com
120566,Leslie Richmond,leslie.richmond@gmail.com
54187,Nicole Davis,ndavis74@gmail.com
291568,Amanda Gill,gillamanda@gmail.com
5911,Jeff Jones,jeff_jones31@yahoo.com
1566320,Taylor Harrison,taylor40@hotmail.com
205983,Kimberly Hutchinson,hutchinsonkimberly@hotmail.com
19060,Lisa White,lisa65@yahoo.com
379836,Thomas Hernandez,thomas_hernandez20@hotmail.com
19185,Troy Short,troy.short@hotmail.com
166642,Paula Gutierrez,pgutierrez89@yahoo.com
318418,Charles Avery,avery.charles@gmail.com
70073,Mary Lawrence,lawrencemary@gmail.com
293946,Zachary Bishop,zachary.bishop@hotmail.com
714107,Gwendolyn Woodward,gwoodward2@yahoo.com
260988,David Rodriguez,rodriguezdavid@gmail.com
369264,Sandra Meyer,sandrameyer@yahoo.com
185926,Diane Norman,norman.diane@hotmail.com
208984,Frank Bryant,frank_bryant81@yahoo.com
29783,Jamie Adkins,jadkins38@yahoo.com
209747,Angelica Ayala,angelicaayala@hotmail.com
184723,Aaron Kelley,akelley19@hotmail.com
27643,Heather Williams,heather46@yahoo.com
1803607183,Kiara Miller,kiaramiller@yahoo.com
152393,Jesse Williams,jesse.williams@yahoo.com
12118,Elizabeth Williams,ewilliams62@hotmail.com
844444,Jacob Faulkner,faulknerjacob@hotmail.com
77146,Adriana Wu,adrianawu@yahoo.com
12657,Kevin Elliott,kevin_elliott30@gmail.com
2001060069,Thomas Jackson,thomas.jackson@yahoo.com
429816,Shelly Walters,shelly.walters@yahoo.com
419596,Allen Boone,allenboone@hotmail.com
252156,Karen Payne,kpayne93@hotmail.com
54697,Parker Scott,parker95@yahoo.com
63858,Vanessa Rojas,rojasvanessa@hotmail.com
11458,Alexander Graham,grahamalexander@hotmail.com
35168,Kristopher Norton,nortonkristopher@gmail.com
296809,Brandon Watts,brandon.watts@yahoo.com
830551,William Castillo,william_castillo55@gmail.com
236760,Jessica Suarez,suarez.jessica@gmail.com
250737,Michelle Nguyen,michelle.nguyen@yahoo.com
146962,Vanessa Mahoney,vanessa_mahoney89@yahoo.com
604781,Christie Thomas,christie_thomas75@yahoo.com
668895,Tracy Cervantes,tcervantes12@hotmail.com
45830,Mary Cannon,mary.cannon@gmail.com
811179,Anna Davis,annadavis@hotmail.com
355282,Derek Garcia,derek.garcia@hotmail.com
741512,Steven Brown,brownsteven@gmail.com
461834,Candace Duncan,candace_duncan57@yahoo.com
386585,Jennifer Oconnor,oconnorjennifer@gmail.com
575052,Brandon Jones,jonesbrandon@yahoo.com
359051,Laurie Hartman,lhartman31@gmail.com
461283,Kristina Hampton,kristina32@hotmail.com
186802,Richard Rodriguez,richard_rodriguez59@hotmail.com
